{"cameraMode":{"drawMode":0,"name":"Shaded","section":"Shading Mode"},"sceneLighting":true,"audioPlay":false,"sceneViewState":{"m_AlwaysRefresh":false,"showFog":true,"showSkybox":true,"showFlares":true,"showImageEffects":true,"showParticleSystems":true,"showVisualEffectGraphs":true,"m_FxEnabled":true},"in2DMode":false,"pivot":{"x":0.4225740432739258,"y":1.695371389389038,"z":4.051473617553711},"rotation":{"x":0.11612645536661148,"y":0.8422654271125794,"z":-0.20104378461837769,"w":0.48651063442230227},"size":2.1825931072235109,"orthographic":false}